{
  "evaluation_date": "2025-11-27T01:11:39.183251",
  "dataset": {
    "samples": 15120,
    "features": 55,
    "classes": 7
  },
  "xgboost": {
    "accuracy_mean": 0.8866402116402116,
    "accuracy_std": 0.005415208859909705,
    "f1_macro_mean": 0.8849555426167985,
    "f1_macro_std": 0.005636312382055435,
    "train_time_mean": 5.163502740859985,
    "train_time_std": 0.6687122612754659,
    "memory_peak_mean": 34.02578125,
    "memory_peak_std": 52.90690674429946
  },
  "lightgbm": {
    "accuracy_mean": 0.8936507936507937,
    "accuracy_std": 0.004390059993459275,
    "f1_macro_mean": 0.8922717079362192,
    "f1_macro_std": 0.004502312858969231,
    "train_time_mean": 4.980405330657959,
    "train_time_std": 0.6014605507638541,
    "memory_peak_mean": -4.83671875,
    "memory_peak_std": 36.31085152172036
  },
  "recommendation": {
    "accuracy_winner": "LightGBM",
    "speed_winner": "LightGBM",
    "memory_winner": "LightGBM",
    "final_choice": "LightGBM"
  }
}