batch_size,xgb,lgb
1,13.878345489501953,3.2765865325927734
10,9.98830795288086,2.7756690979003906
100,14.596939086914062,6.224870681762695
1000,16.67308807373047,29.89506721496582
5000,44.02613639831543,209.5773220062256
